Num.Samples,Exact.SN,Exact.Proc.Time,AMS.SN,AMS.Proc.Time,AMS.Avg.Proc.Time
10,3387741298432,0.00790842599235475,28275291.2,7.615469036041759,0.053255028224068246
100,3387741298432,0.007917370006907731,45209068.84,7.8946986880037,0.006562509300086202
1000,3387741298432,0.00794860499445349,384056751.45,12.091787420969922,0.001237897975119771
10000,3387741298432,0.00802364997798577,3721993758.7792,265.6299359500408,0.003558576407663485
